Workbook

Sheet DASHBOARD
A1: MARÉE — SOCIAL COMMAND CENTER
A2: One place for what's scheduled and what's done across all 5 accounts. Fill the Master Schedule; this dashboard counts itself. Strategy (pillars/voice) lives in the Operating System workbook.
A4: THIS WEEK — your one focus
A5: Type your 1–3 priorities for the week here →
A7: ACCOUNT STATUS (auto-counts from Master Schedule)
A8: Account | B8: Posts total | C8: Captions ✓ | D8: Visuals ✓ | E8: Scheduled | F8: Posted | G8: Next action
A9: Channel South | B9: =COUNTIFS('Master Schedule'!$C:$C,$A9,'Master Schedule'!$F:$F,"<>") | C9: =COUNTIFS('Master Schedule'!$C:$C,$A9,'Master Schedule'!$G:$G,"Y") | D9: =COUNTIFS('Master Schedule'!$C:$C,$A9,'Master Schedule'!$H:$H,"Y") | E9: =COUNTIFS('Master Schedule'!$C:$C,$A9,'Master Schedule'!$J:$J,"Y") | F9: =COUNTIFS('Master Schedule'!$C:$C,$A9,'Master Schedule'!$K:$K,"Y")
A10: Gallery Madison | B10: =COUNTIFS('Master Schedule'!$C:$C,$A10,'Master Schedule'!$F:$F,"<>") | C10: =COUNTIFS('Master Schedule'!$C:$C,$A10,'Master Schedule'!$G:$G,"Y") | D10: =COUNTIFS('Master Schedule'!$C:$C,$A10,'Master Schedule'!$H:$H,"Y") | E10: =COUNTIFS('Master Schedule'!$C:$C,$A10,'Master Schedule'!$J:$J,"Y") | F10: =COUNTIFS('Master Schedule'!$C:$C,$A10,'Master Schedule'!$K:$K,"Y")
A11: Germantown Village | B11: =COUNTIFS('Master Schedule'!$C:$C,$A11,'Master Schedule'!$F:$F,"<>") | C11: =COUNTIFS('Master Schedule'!$C:$C,$A11,'Master Schedule'!$G:$G,"Y") | D11: =COUNTIFS('Master Schedule'!$C:$C,$A11,'Master Schedule'!$H:$H,"Y") | E11: =COUNTIFS('Master Schedule'!$C:$C,$A11,'Master Schedule'!$J:$J,"Y") | F11: =COUNTIFS('Master Schedule'!$C:$C,$A11,'Master Schedule'!$K:$K,"Y")
A12: Bellamare | B12: =COUNTIFS('Master Schedule'!$C:$C,$A12,'Master Schedule'!$F:$F,"<>") | C12: =COUNTIFS('Master Schedule'!$C:$C,$A12,'Master Schedule'!$G:$G,"Y") | D12: =COUNTIFS('Master Schedule'!$C:$C,$A12,'Master Schedule'!$H:$H,"Y") | E12: =COUNTIFS('Master Schedule'!$C:$C,$A12,'Master Schedule'!$J:$J,"Y") | F12: =COUNTIFS('Master Schedule'!$C:$C,$A12,'Master Schedule'!$K:$K,"Y")
A13: Marée Creative | B13: =COUNTIFS('Master Schedule'!$C:$C,$A13,'Master Schedule'!$F:$F,"<>") | C13: =COUNTIFS('Master Schedule'!$C:$C,$A13,'Master Schedule'!$G:$G,"Y") | D13: =COUNTIFS('Master Schedule'!$C:$C,$A13,'Master Schedule'!$H:$H,"Y") | E13: =COUNTIFS('Master Schedule'!$C:$C,$A13,'Master Schedule'!$J:$J,"Y") | F13: =COUNTIFS('Master Schedule'!$C:$C,$A13,'Master Schedule'!$K:$K,"Y")
A14: ALL ACCOUNTS | B14: =SUM(B9:B13) | C14: =SUM(C9:C13) | D14: =SUM(D9:D13) | E14: =SUM(E9:E13) | F14: =SUM(F9:F13)
A16: LEGEND
A17: Master Schedule status columns use Y / N. Fill Caption, Visual, Approved, Scheduled, Posted as you go. Colors flag what's done vs. needs work.

Sheet Master Schedule
A1: MASTER SCHEDULE
A2: Each account is its own colored block. Set status with the Y/N dropdowns — green = done, pink = needs work. Add rows inside an account's block; the Dashboard recounts itself.
A4: CHANNEL SOUTH · @channelsouthms · FB + IG · 3-5x/wk
A5: Date | B5: Day | C5: Account | D5: Platform | E5: Series / Pillar | F5: Headline / Hook | G5: Caption | H5: Visual | I5: Approved | J5: Scheduled | K5: Posted | L5: Publish time | M5: Notes
C6: Channel South
C7: Channel South
C8: Channel South
C9: Channel South
C10: Channel South
C11: Channel South
C12: Channel South
C13: Channel South
C14: Channel South
C15: Channel South
A17: GERMANTOWN VILLAGE · @germantownvillage · FB + IG · Weekly+
A18: Date | B18: Day | C18: Account | D18: Platform | E18: Series / Pillar | F18: Headline / Hook | G18: Caption | H18: Visual | I18: Approved | J18: Scheduled | K18: Posted | L18: Publish time | M18: Notes
C19: Germantown Village
C20: Germantown Village
C21: Germantown Village
C22: Germantown Village
C23: Germantown Village
C24: Germantown Village
C25: Germantown Village
C26: Germantown Village
C27: Germantown Village
C28: Germantown Village
A30: GALLERY MADISON · @thegallerymadison · FB + IG · Weekly
A31: Date | B31: Day | C31: Account | D31: Platform | E31: Series / Pillar | F31: Headline / Hook | G31: Caption | H31: Visual | I31: Approved | J31: Scheduled | K31: Posted | L31: Publish time | M31: Notes
C32: Gallery Madison
C33: Gallery Madison
C34: Gallery Madison
C35: Gallery Madison
C36: Gallery Madison
C37: Gallery Madison
C38: Gallery Madison
C39: Gallery Madison
C40: Gallery Madison
C41: Gallery Madison
A43: BELLAMARE · @bellamaredevelopment · FB · LinkedIn · IG · Weekly
A44: Date | B44: Day | C44: Account | D44: Platform | E44: Series / Pillar | F44: Headline / Hook | G44: Caption | H44: Visual | I44: Approved | J44: Scheduled | K44: Posted | L44: Publish time | M44: Notes
A45: 6/30/26 | B45: Sunday | C45: Bellamare | D45: Facebook | E45: Community Spotlight | F45: Why Madison matters. Why The Gallery will too. | G45: Y | H45: N | I45: N | J45: N | K45: N | L45: #ThinkMadison #Madison #MississippiCommunity #LocalBusiness | M45: 10am
A46: 7/1/26 | B46: Tuesday | C46: Bellamare | D46: Instagram | E46: Meet the People | F46: Meet Sunny Sethi. | G46: Y | H46: N | I46: N | J46: N | K46: N | L46: 9am
A47: 7/1/26 | B47: Tuesday | C47: Bellamare | D47: Facebook | E47: Community Welcome | F47: A different kind of developer. A different kind of mission. | G47: Y | H47: N | I47: N | J47: N | K47: N | L47: 6pm
A48: 7/2/26 | B48: Wednesday | C48: Bellamare | D48: LinkedIn | E48: Leadership Philosophy | F48: What ""We Hire People | G48: Y | H48: N | I48: N | J48: N | K48: N | L48: #HiringPhilosophy #Leadership #Talent #OrganizationalCulture | M48: 9am
A49: 7/3/26 | B49: Wednesday | C49: Bellamare | D49: Instagram | E49: Behind the Scenes | F49: The Gallery lot cleared and ready. | G49: Y | H49: N | I49: N | J49: N | K49: N | L49: 9am
A50: 7/4/26 | B50: Thursday | C50: Bellamare | D50: Facebook | E50: Community Gathering | F50: Independence. Connection. Community. | G50: Y | H50: N | I50: N | J50: N | K50: N | L50: 10am
A51: 7/4/26 | B51: Thursday | C51: Bellamare | D51: Instagram | E51: Community Spotlight | F51: Where Madison families gather this July. | G51: Y | H51: N | I51: N | J51: N | K51: N | L51: 6pm
A52: 7/5/26 | B52: Friday | C52: Bellamare | D52: LinkedIn | E52: Market Insight | F52: Madison's Moment (Why Now Why The Gallery) | G52: Y | H52: N | I52: N | J52: N | K52: N | L52: 9am
A53: 7/7/26 | B53: Monday | C53: Bellamare | D53: Instagram | E53: Tenant Story | F53: MS Candy @ The Gallery. | G53: Y | H53: N | I53: N | J53: N | K53: N | L53: 9am | M53: Week 2 - Local Stories
A54: 7/8/26 | B54: Tuesday | C54: Bellamare | D54: LinkedIn | E54: Partnership Story | F54: Why Local Businesses Choose The Gallery | G54: Y | H54: N | I54: N | J54: N | K54: N | L54: 9am
A55: 7/9/26 | B55: Wednesday | C55: Bellamare | D55: Facebook | E55: Community Feature | F55: Meet Journey Wealth. They're building in Madison too. | G55: Y | H55: N | I55: N | J55: N | K55: N | L55: 9am
A56: 7/10/26 | B56: Thursday | C56: Bellamare | D56: LinkedIn | E56: Market Story | F56: The Amazon Effect: Why Mississippi Is Next | G56: Y | H56: N | I56: N | J56: N | K56: N | L56: 9am
A57: 7/11/26 | B57: Friday | C57: Bellamare | D57: Instagram | E57: Team Story | F57: Meet Paige Prechter. She's bringing The Gallery to life. | G57: Y | H57: N | I57: N | J57: N | K57: N | L57: 9am
A58: 7/12/26 | B58: Saturday | C58: Bellamare | D58: Facebook | E58: Community Impact | F58: The Gallery isn't just retail. It's jobs. | G58: Y | H58: N | I58: N | J58: N | K58: N | L58: 11am
A59: 7/14/26 | B59: Monday | C59: Bellamare | D59: Instagram | E59: Community Design | F59: What does a wellness-first mixed-use development actually look like? | G59: Y | H59: N | I59: N | J59: N | K59: N | L59: 9am | M59: Week 3 - Wellness & Community
A60: 7/15/26 | B60: Tuesday | C60: Bellamare | D60: LinkedIn | E60: Design Philosophy | F60: Community Development Isn't One Building. It's An Ecosystem. | G60: Y | H60: N | I60: N | J60: N | K60: N | L60: 9am
A61: 7/16/26 | B61: Wednesday | C61: Bellamare | D61: Facebook | E61: Tenant Spotlight | F61: Recovery Center @ The Gallery: Why mental health matters. | G61: Y | H61: N | I61: N | J61: N | K61: N | L61: 9am
A62: 7/17/26 | B62: Thursday | C62: Bellamare | D62: Instagram | E62: Community Story | F62: Spinners isn't just entertainment. It's where Madison gathers. | G62: Y | H62: N | I62: N | J62: N | K62: N | L62: 9am
A63: 7/18/26 | B63: Friday | C63: Bellamare | D63: LinkedIn | E63: Impact Story | F63: Measuring Success (Beyond Returns) | G63: Y | H63: N | I63: N | J63: N | K63: N | L63: 9am
A64: 7/19/26 | B64: Saturday | C64: Bellamare | D64: Facebook | E64: Community Gratitude | F64: The people building The Gallery with us. | G64: Y | H64: N | I64: N | J64: N | K64: N | L64: 11am
A65: 7/21/26 | B65: Monday | C65: Bellamare | D65: Facebook | E65: Market Story | F65: While Madison is gathering Gulfport is transforming. | G65: Y | H65: N | I65: N | J65: N | K65: N | L65: 9am | M65: Week 4 - Beyond Madison
A66: 7/22/26 | B66: Tuesday | C66: Bellamare | D66: LinkedIn | E66: Market Story | F66: Why Gulfport Waterfront Matters (And When) | G66: Y | H66: N | I66: N | J66: N | K66: N | L66: 9am
A67: 7/23/26 | B67: Wednesday | C67: Bellamare | D67: Instagram | E67: Project Vision | F67: Hotel Holden: What luxury looks like on the Gulf Coast. | G67: Y | H67: N | I67: N | J67: N | K67: N | L67: 9am
A68: 7/24/26 | B68: Thursday | C68: Bellamare | D68: Facebook | E68: Waterfront Impact | F68: Waterfront development isn't about beachfront property. It's about community identity. | G68: Y | H68: N | I68: N | J68: N | K68: N | L68: 9am
A69: 7/25/26 | B69: Friday | C69: Bellamare | D69: Instagram | E69: Leadership | F69: Two cities. One philosophy. | G69: Y | H69: N | I69: N | J69: N | K69: N | L69: 9am
A70: 7/26/26 | B70: Saturday | C70: Bellamare | D70: LinkedIn | E70: Portfolio Strategy | F70: Why Portfolio Diversity Is Strength | G70: Y | H70: N | I70: N | J70: N | K70: N | L70: 11am
A71: 7/27/26 | B71: Sunday | C71: Bellamare | D71: Facebook | E71: Community Reflection | F71: July was about listening. August is about building. | G71: Y | H71: N | I71: N | J71: N | K71: N | L71: 10am | M71: Week 5 - Summer Momentum
A72: 7/28/26 | B72: Monday | C72: Bellamare | D72: Instagram | E72: Team Gratitude | F72: Extraordinary people. Extraordinary mission. | G72: Y | H72: N | I72: N | J72: N | K72: N | L72: 9am
A73: 7/29/26 | B73: Tuesday | C73: Bellamare | D73: LinkedIn | E73: Organizational Insight | F73: What July Proved About Culture | G73: Y | H73: N | I73: N | J73: N | K73: N | L73: 9am
A74: 7/30/26 | B74: Wednesday | C74: Bellamare | D74: Facebook | E74: Community Outlook | F74: August forecast: momentum & milestones. | G74: Y | H74: N | I74: N | J74: N | K74: N | L74: 9am
A75: 7/31/26 | B75: Thursday | C75: Bellamare | D75: Instagram | E75: Mission Checkpoint | F75: July in numbers. August in momentum. | G75: Y | H75: N | I75: N | J75: N | K75: N | L75: 9am
A76: 8/1/26 | B76: Friday | C76: Bellamare | D76: Facebook | E76: New Month New Chapter | F76: August 1st. The real work begins. | G76: Y | H76: N | I76: N | J76: N | K76: N | L76: 10am | M76: BONUS
A78: MARÉE CREATIVE · @mareecreative_ · IG only · 1-2x/wk
A79: Date | B79: Day | C79: Account | D79: Platform | E79: Series / Pillar | F79: Headline / Hook | G79: Caption | H79: Visual | I79: Approved | J79: Scheduled | K79: Posted | L79: Publish time | M79: Notes
C80: Marée Creative
C81: Marée Creative
C82: Marée Creative
C83: Marée Creative
C84: Marée Creative
C85: Marée Creative
C86: Marée Creative
C87: Marée Creative
C88: Marée Creative
C89: Marée Creative

Sheet Growth Tracker
A1: GROWTH TRACKER
A2: Baseline once, then log followers/reach/engagement weekly. Δ columns calculate themselves. Bellamare baseline pre-loaded from Jun 23.
A4: BASELINE (set once per account)
A5: Account | B5: Platform | C5: Followers | D5: Mo. Reach | E5: Mo. Interactions | F5: Posts/mo | G5: Top format | H5: Date
A6: Bellamare | B6: Instagram | C6: 192 | D6: 3400 | E6: 27 | F6: 5 | G6: Reels | H6: 6/23/26
A7: Bellamare | B7: Facebook | C7: 400 | D7: 3388 | E7: 26 | F7: 5 | G7: Reels | H7: 6/23/26
A8: Bellamare | B8: LinkedIn | C8: 0 | D8: 0 | E8: 0 | F8: 0 | G8: Not started | H8: 6/23/26
A9: Channel South | B9: FB+IG | C9: 116 | H9: 6/14/26
A10: Gallery Madison | B10: FB+IG | C10: 349 | H10: 6/14/26
A11: Germantown Village | B11: FB+IG | C11: 445 | H11: 6/14/26
A12: Marée Creative | B12: Instagram | C12: 22 | H12: 6/14/26
A15: WEEKLY LOG (fill the blue cells each Friday; Δ vs baseline auto-calcs)
A16: Week of | B16: Account | C16: Followers | D16: Reach | E16: Interactions | F16: Posts | G16: Δ Followers | H16: Notes

Sheet Roadmap
A1: ROADMAP — SETUP & BUILD
A2: The one checklist: get each account set up, built, and scheduled. Tick Y as you finish. Do it top to bottom.
A4: PHASE 1 — SETUP (Meta Business Suite + access)
A5: Account | B5: In Biz Suite | C5: 2FA on | D5: Pw saved | E5: Team access | F5: Login OK | G5: Notes
A6: Channel South
A7: Gallery Madison
A8: Germantown Village
A9: Bellamare
A10: Marée Creative
A12: PHASE 2 — BUILD (per account chat → calendar → schedule)
A13: Account | B13: Comp analysis | C13: Pillars set | D13: Calendar built | E13: Captions done | F13: Scheduled | G13: Notes
A14: Channel South
A15: Gallery Madison
A16: Germantown Village
A17: Bellamare
A18: Marée Creative

Sheet Accounts
A1: ACCOUNTS — REFERENCE
A2: Quick reference per account. Deep strategy (pillars, voice, audit) lives in Evie_Maree_Operating_System.xlsx.
A4: Account | B4: Handle | C4: Platforms | D4: Cadence | E4: Lead pillar | F4: Followers | G4: Note
A5: Channel South | B5: @channelsouthms | C5: FB + IG | D5: 3–5×/wk | E5: Proof & Progress | F5: 116 | G5: Pre-open; countdown + Hotel Holden
A6: Gallery Madison | B6: @thegallerymadison | C6: FB + IG | D6: Weekly | E6: Vision + Place | F6: 349 | G6: Best organic pull; entertainment-retail
A7: Germantown Village | B7: @germantownvillage | C7: FB + IG | D7: Weekly+ | E7: Community & Activation | F7: 445 | G7: Only open account; most material
A8: Bellamare | B8: @bellamaredevelopment | C8: FB · LinkedIn · IG | D8: Weekly | E8: Credibility & Brand | F8: 192 | G8: July campaign loaded in Master Schedule
A9: Marée Creative | B9: @mareecreative_ | C9: IG only | D9: 1–2×/wk | E9: Credibility + Proof | F9: 22 | G9: Cross-tag from the other 4
